model,n_features,accuracy,macro_f1,weighted_f1,macro_f1_drop
full_model,17,0.355,0.342142991888323,0.365009337860781,0.0
without_summary_behavior,16,0.36,0.34764238407031534,0.3705081502652166,-0.0054993921819923575
without_interaction_self_regulation,14,0.34,0.33196248196248196,0.34645454545454546,0.01018050992584102
without_content_preference,8,0.4,0.3957465564738292,0.4132059504132231,-0.05360356458550625
without_motivation,13,0.4,0.37877883393794676,0.4078132892501263,-0.03663584204962378
