UserID,true_risk,pred_risk,Addiction_Level_raw,ProductivityLoss_raw,usage_score,interaction_score,self_reg_risk,Scroll_Rate,Video_Category_raw,Watch_Reason_raw,prob_low,prob_medium,prob_high
529,high,high,6,2,-0.15004882767954272,-0.025897574426302694,0.012580377227846995,-1.4377913397899578,Comedy,Habit,0.3364746604969449,0.16755197540596184,0.49597336409709325
679,low,low,1,7,0.571647978751829,-0.2975316213432069,-0.023451968817012447,-1.2999645982128243,Pranks,Boredom,0.5521171858532272,0.21906807516516388,0.22881473898160898
963,low,high,0,8,-0.48838976760213426,0.05333319689855512,-0.030658438025984336,0.45732635689562556,Trends,Habit,0.2449260914033557,0.3773630592574099,0.3777108493392344
